0,1,2,3,4,5,correct,choiceA_probs,choiceB_probs,choiceC_probs,choiceD_probs
Marginal revenue equals marginal cost at the point where,total revenue is greater than total cost at its greatest distance,total revenue is equal to total cost,marginal product is at its highest point,total product is at its highest point,A,False,2.4268876555583085e-72,0.9999999999999849,8.540161818869837e-66,1.5129178206538174e-14
"The price of labor is $2, and the price of capital is $1. The marginal product of labor is 200, and the marginal product of capital is 50. What should the firm do?",Increase capital and decrease labor so that the marginal product of capital falls and the marginal product of labor rises.,Increase capital and decrease labor so that the marginal product of capital rises and the marginal product of labor falls.,Decrease capital and increase labor so that the marginal product of capital rises and the marginal product of labor falls.,Decrease capital and increase labor so that the marginal product of capital falls and the marginal product of labor rises.,C,True,5.0527443270986656e-65,1.42882504815994e-32,0.9999999999999996,4.896924115494655e-16
"At a Nash equilibrium,",the supply curve intersects the demand curve,neither party has an incentive to deviate from his or her strategy,the marginal revenue curve intersects the marginal cost curve,the equilibrium is unstable and each party would like to switch strategies,B,False,5.226172966100597e-63,6.180537719275992e-34,6.20605638006672e-78,1.0
You are told that the cross-price elasticity between goods X and Y is +2.0. This means that,goods X and Y are normal goods.,goods X and Y are inferior goods.,goods X and Y are complementary goods.,goods X and Y are substitute goods.,D,False,8.717192435451645e-24,1.4459187613165913e-27,1.0,1.2451669157812791e-20
An externality,causes the equilibrium price to be artificially high,causes the equilibrium price to be artificially low,exists when markets cannot reach equilibrium,results in an equilibrium that does not maximize the total benefit to society,D,False,1.4443459242038449e-49,0.9999999999999991,9.75747539674316e-16,4.472997455398819e-46
What is one reason why the government discourages collusion between large firms in the same industry?,"Collusive output levels tend to increase, driving the price above competitive levels.",Consumer surplus falls as the price is driven downward.,"Collusive output levels tend to decrease, driving the price down to competitive levels.",Joint profit maximization costs society consumer surplus as the price rises above competitive levels.,D,False,2.1721251272145482e-61,8.210568739373779e-84,1.0,1.2177965153365275e-55
Which of the following illustrates the demand curve facing an oligopolist when rival firms follow a price decrease but not a price increase?,Perfectly horizontal demand curve.,Highly inelastic demand curve.,Highly elastic demand curve.,A demand curve consisting of two discontinuous segments.,D,False,1.0411399776611685e-100,1.0,3.9391754355468923e-23,3.142890303718297e-95
Which of the following is not the basis for a wage differential?,Higher risk job.,Investment in human capital.,Increase in production of SUVs.,Racial discrimination.,C,True,9.714231558716956e-75,1.9127758060490162e-68,1.0,1.5298286816736605e-56
"Patents, control of resources, economies of scale, and exclusive licenses are",all requirements for price discrimination,required in order for a firm to earn short-run profits,all sources of elastic demand,all barriers to entry,D,False,1.490425385351296e-63,1.0,5.765322264173292e-61,9.18009401213853e-52
"The industry that makes plastic army figures uses a small fraction of the plastic demanded for all purposes. On this basis, we can conclude that the army-figures industry is most likely a(n)",increasing-cost industry,constant-cost industry,decreasing-cost industry,profit-making industry,B,True,4.607233402591797e-87,1.0,1.164363548106265e-25,1.730410587570314e-66
"Which of the following is most likely an example of production inputs that can be adjusted in the long run, but not in the short run?",Amount of wood used to make a desk.,Number of pickles put on a sandwich.,The size of a McDonald’s kitchen.,Number of teacher’s assistants in local high schools.,C,False,4.407862027655122e-107,1.0,2.8386276359295502e-58,9.079748926003486e-46
"The apple market is in equilibrium. Suppose we observe that apple growers are using more pesticides to increase apple production. At the same time, we hear that the price of pears, a substitute for apples, is rising. Which of the following is a reasonable prediction for the new price and quantity of apples?","Price rises, but quantity is ambiguous.","Price falls, but quantity is ambiguous.","Price is ambiguous, but quantity rises.","Price is ambiguous, but quantity falls.",C,False,3.1885046559501687e-19,3.0155951178397213e-10,0.0362660588435282,0.9637339408549123
Which of the following is most likely to result in a shift to the right in the demand curve for orange juice?,A bumper crop of oranges in Florida,A decrease in the price of Tang,Expectations of lower future prices for orange juice,Expectations of higher future income among juice drinkers,D,True,6.922433675035096e-55,1.2993907338310714e-50,1.5085871670888287e-23,1.0
Which of the following statements is accurate in regard to a perfectly competitive firm?,Demand is downward-sloping.,The demand curve lies above the marginal revenue curve.,Price is determined by the equilibrium in the entire market.,Average revenue differs from price.,C,True,3.9879633901075586e-92,1.3278194060882477e-09,0.9999999986721806,2.43554184715524e-71
"Economists use the term ""capital"" to mean",money.,plant and equipment.,where the central government is located.,the center of the economy.,B,True,4.292611606678908e-31,0.9999999999969256,3.07447522859936e-12,4.80433723875302e-28
"Ray and Dorothy can both cook and can both pull weeds in the garden on a Saturday afternoon. For every hour of cooking, Ray can pull 50 weeds and Dorothy can pull 100 weeds. Based on this information,","Ray pulls weeds, since he has absolute advantage in cooking.","Dorothy pulls weeds, since she has absolute advantage in cooking.","Dorothy cooks, since she has comparative advantage in cooking.","Ray cooks, since he has comparative advantage in cooking.",D,True,3.75064812998049e-09,0.00032088663571598337,2.552861569304667e-12,0.999679109611083
Your aunt runs a small firm from her home making apple pies. She hires some friends to help her. Which of the following situations would most likely increase her demand for labor?,The price of apple peelers/corers rises.,"Your aunt’s friends gossip all day, slowing their dough-making process.",There is a sale on ovens.,A new study reveals that apples increase your risk of cancer.,C,False,1.0800507706951138e-36,3.612788227127181e-23,1.6175392401958047e-15,0.9999999999999984
"Mrs. Johnson spends her entire daily budget on potato chips, at a price of $1 each, and onion dip at a price of $2 each. At her current consumption bundle, the marginal utility of chips is 12 and the marginal utility of dip is 30. Mrs. Johnson should",do nothing; she is consuming her utility maximizing combination of chips and dip.,increase her consumption of chips until the marginal utility of chip consumption equals 30.,decrease her consumption of chips until the marginal utility of chip consumption equals 30.,decrease her consumption of chips and increase her consumption of dip until the marginal utility per dollar is equal for both goods.,D,False,1.8774789119106656e-88,0.9962536558760124,0.003746344123987506,3.304523953882325e-70
"In the absence of intervention, imperfect competition, externalities, public goods, and imperfect information all result in which of the following?",Demand curves that should be added vertically,Market failure,Prices that are too low,Quantities of output that are too high,B,True,1.0022776647769705e-57,0.9999999999999676,3.24703577334416e-14,4.4868139933431403e-63
Marginal cost (MC) is equal to average variable cost (AVC) and average total cost (ATC) when:,marginal cost (MC) intersects AVC and ATC at their maximum points.,AVC and ATC intersect MC at its maximum point.,MC intersects AVC and ATC at their minimum points.,AVC and ATC intersect MC at its minimum point.,C,False,3.5724316492037544e-68,1.0,2.345399828221629e-66,2.3162135705158045e-33
"After Julia received a raise in her income, she began purchasing more ice cream cones and fewer popsicles. For Julia, popsicles",disobey the law of demand,are a joint product,are a complementary good with ice cream,are an inferior good,D,False,2.0183470627062257e-51,8.582633849498672e-70,1.0,5.4493182339671264e-70
Which of the following conditions is characteristic of oligopoly?,"A rival firm matches price decreases of rivals, but fails to match any price increases of rivals.","A rival firm matches price increases of rivals, but fails to match any price decrease of rivals.",A rival firm fails to match both price increases or price decreases of rivals.,(I)) Rival firms act independently of each other.,A,False,6.132163710644805e-22,1.197092772567408e-07,3.4211858351972925e-06,0.9999964591048875
Which of the following is characteristic of oligopoly? I. Formidable barriers to entry. II. Price (P) = Marginal Revenue (MR). III. Relatively few sellers.,I only.,II only.,III only.,I and III only.,D,False,4.3670907591750865e-21,0.9999999999998124,1.8365165683701134e-14,1.6917307692968401e-13
A monopoly is less efficient than a perfect competitor because,a monopoly produces more output and sells for a higher price,a monopoly produces less output and sells for a higher price,a monopoly can make profit in the short run but not in the long run,a perfect competitor breaks even in the short run and the monopoly does not,B,False,4.37850991713998e-58,3.252903167276112e-12,0.999999999996747,5.542522744038819e-38
"In the design of a competitive market system, which of the following does NOT describe how resources are allocated?","Price signals that guide producers on what, when, how, and for whom to produce goods and services.",Active government ownership and direction of production.,Voluntary market exchange between buyers and sellers.,Distribution of income and goods on the basis of contribution or productivity.,B,False,0.9999999999997138,1.1763332055847654e-30,4.021417396573805e-31,2.8621083991287987e-13
A production possibility frontier will be a straight line when,efficiency is achieved,the goods on the axes are perfect substitutes in consumption,utility is maximized,resources are not specialized,D,True,3.3854229667357636e-52,1.4444654929855226e-40,3.201633836224908e-22,1.0
Which of the following statements is correct?,Economic Profits = Accounting Profits.,Economic Costs = Explicit Costs plus Implicit Costs.,Economic Costs = Explicit Costs minus Implicit Costs.,Opportunity Costs = Economic Profits.,B,False,3.3532121809626403e-37,2.0961530725129596e-35,2.6265101249643384e-53,1.0
"If the per unit price of labor, a variable resource, increases, it causes which of the following?",An upward shift in AFC.,An upward shift in MPL.,A downward shift in ATC.,An upward shift in MC.,D,False,7.85523232257789e-68,0.9999999998995677,1.0043224640933261e-10,8.61577066974533e-65
"If the wage paid to all units of labor is $4.50, how many units of labor are hired?",1,2,3,4,B,True,2.47995546090169e-52,0.999957123352515,4.287664748507586e-05,1.2898623568836826e-51
"If consumers are advised that multigrained bread will substantially lessen the risk of cancer, which of the following will happen in the market for multigrained bread?","The demand curve will shift to the left, decreasing the price of multigrained bread.","The supply curve will shift to the left, increasing the price of multigrained bread.","The demand curve will shift to the right, increasing the price of multigrained bread.","The supply curve will shift to the right, decreasing the price of multigrained bread.",C,False,7.954641812120126e-63,1.0,4.40986796321687e-45,3.915827698010762e-22
The market structures of perfect competition and monopolistic competition share which of the following characteristics?,Ease of entry and exit in the long run,Homogenous products,Perfectly elastic demand for the firm's product,Long-run positive profits,A,False,6.50341328255959e-50,4.579843961584122e-50,1.0,1.3950808473638187e-19
"When a negative externality exists as the result of the production of a good, the socially optimal quantity of output could be achieved by",free market capitalism,placing limits on the quantity that can be produced,government purchases of the good,setting a minimum on the quantity that can be produced,B,True,2.4292575373891484e-58,0.9999999777695596,2.223044022612614e-08,1.329421922352743e-31
"Jason cleans swimming pools in a perfectly competitive local market. A profit maximizer, he can charge $10 per pool to clean 9 pools per day, incurring total variable costs of $80 and total fixed costs of $20. Which of the following is true?","Jason should shut down in the short run, with economic losses of $20.","Jason should shut down in the short run, with economic losses of $10.","Jason should clean 9 pools per day, with economic losses of $20.","Jason should clean 9 pools per day, with economic losses of $10.",D,True,9.863366713553167e-11,1.828696485138381e-14,6.181141654554217e-06,0.9999938187596936
Which of the following is not a characteristic of oligopoly?,P = MC.,Price-maker.,Strong barriers to entry.,Few firms.,A,False,2.111253735677207e-32,1.0537582672251538e-10,5.037047397997135e-23,0.9999999998946241
The competitive market provides the best outcome for society because,"consumer surplus is minimized, while producer surplus is maximized.",the total welfare is maximized.,"producer surplus is minimized, while consumer surplus is maximized.",the difference between consumer and producer surplus is maximized.,B,True,3.841029264358163e-73,1.0,2.4906614440973765e-22,1.0988185247350885e-71
You are told that the income elasticity for DVDs is + 1.5. This means that,a 10 percent increase in income produces a 15 percent increase in consumption of DVDs. DVDs are a normal luxury good.,a 10 percent increase in income produces a 15 percent increase in consumption of DVDs. DVDs are an inferior good.,a 10 percent increase in income produces a 15 percent decrease in consumption of DVDs. DVDs are an inferior good.,a 10 percent increase in the price of DVDs produces a 15 percent decrease in consumption of DVDs. DVDs are a price elastic good.,A,False,5.27079030252405e-78,1.0,6.106191615365301e-45,1.1823134599776768e-82
"If the price of a product decreases with the price of a substitute product remaining constant such that the consumer buys more of this product, this is called the",income effect.,substitution effect.,marginal effect.,supply effect.,B,True,3.538051533515548e-48,0.9999744860482334,1.9931534408253825e-44,2.5513951766691306e-05
Which of the following is an example of a transfer earning?,A superstar basketball player's $40 million earnings.,A social security retirement income.,A welfare payment from social services.,A cashier at a restaurant receiving the same $8 an hour that other cashiers receive.,D,False,9.88382942385014e-51,9.493835049486894e-19,1.0,3.804210639383948e-50
"A small business estimates price elasticity of demand for the product to be 3. To raise total revenue, owners should",decrease price as demand is elastic.,decrease price as demand is inelastic.,increase price as demand is elastic.,increase price as demand is inelastic.,A,False,3.9594834613980475e-27,0.9804927988494839,1.2125071230106965e-22,0.01950720115051619
A bilateral monopoly exists when,a monopsony buys from a monopoly,a monopoly sells to two different types of consumers,a monopoly buys from a monopsony,a monopolist sells two different types of goods,A,False,3.2244999541276544e-42,9.466868242298124e-39,1.7321600897733193e-18,1.0
"If firms are entering an industry that is monopolistically competitive, we would expect",the demand for existing firms to shift rightward.,the market price of the product to increase.,the demand for existing firms to become more inelastic.,the demand for existing firms to shift leftward.,D,False,1.3802146653010146e-41,1.0,1.2703147119843236e-24,1.9747303733104757e-29
The Law of Diminishing Marginal Returns is responsible for,"AVC that first rises, but eventually falls, as output increases.","AFC that first rises, but eventually falls, as output increases.","MP that first falls, but eventually rises, as output increases.","MC that first falls, but eventually rises, as output increases.",D,False,4.370520735307418e-22,0.994926754806758,6.167881533518663e-25,0.0050732451932419325
"Which of the following would best complete a short definition of economics? ""Economics is the study of . . .""",how unlimited resources are allocated between scarce wants.,how money is circulated through the economy.,how corporations maximize the share price of their stock.,how scarce resources are allocated to satisfy unlimited wants.,D,False,4.2267148347288754e-68,7.309057748428623e-72,1.0,5.8002527691682326e-65
"With capital fixed at one unit with 1, 2, 3 units of labor added in equal successive units, production of the output increases from 300 (1 unit of labor), to 350 (2 units of labor) to 375 (3 units of labor). Which of the following is a correct interpretation?",This is long run increasing returns to scale.,This is long run decreasing returns to scale.,This is long run constant returns to scale.,This is short run diminishing marginal productivity.,D,False,3.310839496639204e-58,5.5259228994833424e-14,0.9999999999999447,5.698689731559808e-30
Which of the following is the best example of a public good?,Private violin lessons,The volunteer fire department in your community,A $1 ticket for admission to a museum,A bag of potato chips,B,True,8.800513044110632e-42,1.0,4.181848269694203e-42,3.5912281840710755e-33
Which of the following is the best example of a public good?,A visit to the orthodontist,A session at the tanning salon,A large pizza,The International Space Station,D,False,2.01940267042876e-43,1.0,1.1870349491914338e-20,1.2017338668571054e-45
"When the cross-price elasticity of demand is negative, the goods in question are necessarily",normal,inferior,complements,substitutes,C,True,1.4124524184253755e-06,2.852562649754299e-10,0.9996427478949079,0.0003558393674174899
A competitive labor market is currently in equilibrium. Which of the following most likely increases the market wage?,More students graduate with the necessary skills for this labor market.,Demand for the good produced by this labor is stronger.,The price of a complementary resource increases.,The Department of Labor removes the need for workers to pass an exam before they can work in this field.,B,False,5.261534778588438e-16,1.710141432911565e-21,1.0764069006332026e-11,0.9999999999892355
One of the reasons that the government discourages and regulates monopolies is that,producer surplus is lost and consumer surplus is gained.,monopoly prices ensure productive efficiency but cost society allocative efficiency.,monopoly firms do not engage in significant research and development.,consumer surplus is lost with higher prices and lower levels of output.,D,False,3.967062128661999e-81,9.153828631182e-79,1.0,5.29611005720083e-31
Which of the following is true of equilibrium in a purely (or perfectly) competitive market for good X?,A shortage of good X exists.,The quantity demanded equals the quantity supplied of good X.,A surplus of good X exists.,The government regulates the quantity of good X produced at the market price.,B,False,3.465175401575698e-68,1.8933800823943746e-66,6.960599827348579e-15,0.9999999999999931
"When the price of pears increases, we expect the following:",Quantity demanded of pears rises.,Quantity supplied of pears falls.,Quantity demanded of pears falls.,Demand for pears falls.,C,False,1.90496490589774e-88,1.1879640314874978e-68,7.069148926350162e-41,1.0
"If the demand for grapes increases simultaneously with an increase in the supply of grapes, we can say that","equilibrium quantity rises, but the price change is ambiguous.","equilibrium quantity falls, but the price change is ambiguous.","equilibrium quantity rises, and the price rises.","equilibrium quantity falls, and the price falls.",A,False,1.0287327341528564e-06,0.014317671956939025,1.531095795736883e-05,0.9856659883523695
"If the government wishes to regulate a natural monopoly so that it produces an allocatively efficient level of output, it would be at an output",where price is equal to average total cost.,where marginal revenue equals marginal cost.,where normal profits are made.,where price is equal to marginal cost.,D,False,2.787826307580109e-13,0.00022690664362805366,0.9988603062889789,0.0009127870671141406
"When price elasticity of demand is greater than 1, demand is",perfectly inelastic.,elastic.,inelastic.,unit elastic.,B,False,6.905425617701055e-54,1.7640886277524278e-12,0.9999999999982359,1.4673054774977003e-27
Which of the following tax systems is designed to redistribute income from the wealthy to the poor?,A progressive tax system,A regressive tax system,A proportional tax system,An excise tax system,A,False,2.8926909135174244e-75,1.0,3.607459298535621e-77,3.842275900091452e-65
Which of these situations is not an example of price discrimination?,"Brent works nights, so he chooses to buy bread at 7 a.m. rather than at 7 p.m.","Bob and Nancy each receive a ""$1 off"" coupon in the mail, but Bob redeems it while Nancy does not.","Katie buys 12 Cokes for $3, and Josh buys one Coke at a time for $1.","Velma likes to go to the movies at the lower afternoon matinee price, and Rosemary would rather pay more for the evening show.",A,False,5.4499832524230214e-52,0.9999984300118525,1.5699881475588453e-06,8.925243944048515e-74
"With the presence of a positive externality, which of the following would correct the externality?",A government subsidy.,A government tax.,A higher price.,A lower level of output.,A,False,1.1900220120562533e-40,1.0,1.3973728756412547e-39,1.3954984858052958e-53
"The market for denim jeans is in equilibrium, and the price of polyester pants, a substitute good, rises. In the jean market","supply falls, increasing the price and decreasing the quantity.","supply falls, increasing the price and increasing the quantity.","demand falls, increasing the price and decreasing the quantity.","demand rises, increasing the price and increasing the quantity.",D,False,9.792710955816571e-39,2.5619447701018384e-35,1.0,1.5422290486766703e-35
A rational consumer who is eating Girl Scout cookies stops eating when,the total benefit equals the total cost of eating cookies.,the marginal benefit equals the marginal cost of the next cookie.,the marginal cost of eating cookies is maximized.,the marginal benefit of eating cookies is minimized.,B,True,1.4966945050318634e-53,1.0,1.931616279644077e-46,5.71753946022462e-32
"Which of the following correctly illustrates why price (P) equals marginal revenue (MR) under perfect competition, and why price (P) is greater than marginal revenue under monopoly or imperfect competition? I. MR = P = demand on horizontal function for perfect competition. II. P > MR as downward sloping functions for imperfect competition. III. Demand and Price are represented as a vertical function for imperfect competition.","I, II, and III.",I and II.,I only.,I and III.,B,False,1.2467571618524743e-52,0.2163573562872816,0.7836426437127185,3.055604324321392e-51
"When a good is taxed, the tax burden falls mainly on the consumer if",the demand is inelastic and the supply is inelastic,the demand is inelastic and the supply is elastic,the demand is elastic and the supply is inelastic,the demand is elastic and the supply is elastic,B,True,2.922670464663507e-50,0.9999981572511822,1.8427488177530442e-06,1.624855082362948e-37
The long-run average cost curve,is always below the short-run average cost curve,is always above the short-run average cost curve,always intersects the short-run average cost curve at the minimum of short-run average cost,is below the short-run average cost except at one point,D,False,1.4458841375184428e-75,4.483809448752234e-75,1.0,1.8774834026522755e-64
Which of the following is not a characteristic of a kinked demand curve?,A range of marginal costs over which MR = MC.,P < MC.,Interdependence of rivals.,Pricing at the kink.,B,False,8.280651088234688e-61,6.567290244021893e-52,1.0,3.7840582935957164e-64
Economics is a social science that,is primarily concerned with money.,is primarily concerned with how resources are used.,relies solely on the scientific method for analysis.,is primarily concerned with maximizing spiritual well-being.,B,False,9.294301830551917e-20,2.3011645771579306e-08,0.993294964491375,0.006705012496979122
Which of the following is true?,TC = (AVC + AFC)Q.,TFC = TC at all levels of output.,AVC + AFC = TC.,MC = TC - TFC.,A,True,0.9505334366846084,2.087104634662473e-09,0.04946655159273157,9.635555192342475e-09
A monopsonist is identified by one of the following:,A wage payment lower than the marginal revenue product of labor.,Employment level greater than that of a competitive labor market.,A wage payment higher than that of a competitive labor market.,A single seller of labor services.,A,False,2.226075263588576e-44,7.505013798552075e-24,1.0,6.024686033977247e-50
"If the price of one good (A) increases and the quantity demanded of another good (B) increases, the two goods are",substitute goods.,complement goods.,inferior goods.,normal goods.,A,False,1.0543713108303083e-89,2.958886582030208e-62,1.0,3.074387225470011e-87
Which of the following statements is true for a firm in a perfectly competitive industry?,Total revenue increases and then decreases.,Marginal revenue is decreasing.,Average revenue is initially negative and then becomes positive.,Average revenue equals marginal revenue.,D,False,1.3313291693775704e-39,7.267807475326473e-20,1.0,2.6891557300019445e-30
A perfectly competitive employer hires labor up to the point where,Wage = Marginal factor cost.,Wage = Marginal product of labor.,Wage = Marginal revenue.,Wage = Marginal revenue product of labor.,D,True,3.0057878494717415e-14,6.808740139508809e-17,3.2783661873337996e-10,0.9999999996721332
The necessity for a monopoly to lower its price in order to sell more units of its product explains why,monopolies are common among public utilities,the marginal revenue curve is below the demand curve for a monopoly,the marginal cost curve for a monopoly slopes upward,monopolies are able to maintain market power,B,True,1.1224549213253794e-42,1.0,4.371198047662006e-29,8.772860263553676e-42
Suppose a price floor is installed in the market for coffee. One result of this policy would be,a decrease in the demand for coffee-brewing machines.,a persistent shortage of coffee in the market.,an increase in consumer surplus due to lower coffee prices.,an increase in the demand for coffee.,A,False,2.7974901202490493e-34,1.7602115583111387e-29,0.9999999999909877,9.01237145518253e-12
A minimum wage in the market for fast-food workers is likely to produce,an increase in the demand for fast-food workers.,a decrease in the supply of fast-food workers.,a shortage of fast-food workers.,a surplus of fast-food workers.,D,False,3.5375204574042734e-22,0.9999999687233684,3.1276065725248085e-08,5.660973523048757e-13
Which of the following is true of the perfectly competitive firm in the short run?,The firm earns a normal profit.,The firm shuts down if the price falls below average total cost.,The firm earns positive economic profit.,"The firm may earn positive, negative, or normal profits.",D,True,8.614288569356544e-32,6.4378147411434015e-49,6.204447587029394e-29,1.0
"A competitive market for coffee, a normal good, is currently in equilibrium. Which of the following would most likely result in an increase in the demand for coffee?",Consumer income falls.,The price of tea rises.,The wage of coffee plantation workers falls.,Technology in the harvesting of coffee beans improves.,B,True,3.6664739867737726e-79,1.0,5.2740512407285145e-77,1.250940652177715e-54
"When a firm is earning a normal profit from the production of a good, it is true that",total revenues from production are equal to explicit costs.,explicit costs are equal to implicit costs.,total revenues from production are equal to implicit costs.,total revenues from production are equal to the sum of explicit and implicit costs.,D,False,6.10756916363604e-59,1.8883180093262734e-12,0.9999999999981117,8.34113702575974e-17
"If a business wants to increase its revenue and it knows that the demand price elasticity of its product is equal to 0.78, it should",decrease price because demand is elastic,decrease price because demand is unit elastic,decrease price because demand is inelastic,increase price because demand is inelastic,D,False,1.901095612720274e-58,1.0,1.008362500746783e-52,3.8362553387392826e-45
Which of the following is a characteristic of monopolistic competition?,P > MC.,Efficiency.,Mostly price competition.,P =MR.,A,False,7.178295441387181e-52,1.0,2.951506038692115e-56,6.807983020799765e-50
The backward bending supply curve is characterized by which of the following?,"As wage rates rise, the quantity of labor supplied continues to rise at every wage rate increase.","The labor-leisure trade-off continues to favor the supply of more jobs, or the substitution effect.",The labor-leisure trade-off favors the income effect or more leisure at higher wage rates.,"inexperienced, low-income, younger workers at the backward bending portion.",C,False,6.025357199485656e-11,6.823302869966612e-37,3.466530148289045e-42,0.9999999999397464
Which of the following goods is likely to provide both the largest total utility and the smallest marginal utility?,Plastic,Automobiles,Computers,Air,D,False,8.286998530063248e-62,3.431682024225818e-54,1.0,6.321925079038149e-28
The Lorenz Curve is used to measure which of the following:,The ratio of income to wealth in different countries.,The ratio of public goods to private goods in different countries.,The ratio of income inequality to income equality in different countries.,The ratio of the working poor to the non-working poor.,C,False,1.963805209189659e-09,0.9999999928300618,4.827830857604738e-09,3.7830220108085566e-10
Which of the following examples would result in consumers paying for the largest burden of an excise tax placed on a producer?,If the demand curve is price elastic and the supply curve is price inelastic,If the demand curve is price elastic and the supply curve is perfectly elastic,If the demand curve is price inelastic and the supply curve is price elastic,If the demand curve is perfectly inelastic and the supply curve is price elastic,D,False,2.0362726607706425e-18,0.9999943039353456,2.1917379699921667e-11,5.6960427370163245e-06
Which of the following could have caused an increase in the demand for ice cream cones?,A decrease in the price of ice cream cones,"A decrease in the price of ice cream, a complimentary good to ice cream cones","An increase in the price of ice cream, a complimentary good to ice cream cones","A decrease in the price of lollipops, a close substitute for ice cream",B,False,1.8232474753402367e-77,9.700001059971558e-66,1.0,3.553961398160126e-51
The primary focus of microeconomics is,families and how they make money.,firms and how they make profits.,individual units within the overall economy.,government.,C,False,1.5901739360607992e-28,0.9999999999938332,6.166794365993463e-12,5.212745919775236e-32
"In order for a firm to successfully carry out price discrimination, which of the following conditions must hold? I. The firm cannot face a downward sloping demand curve. II. The firm must have market power. III. Buyers with differing demand elasticities must be separable. IV. The firm must have motives beyond profit maximization. V. The firm must be able to prevent the re-sale of its products.","I, III, and V only",III and IV only,I and IV only,"II, III, and V only",D,False,4.024202581593307e-06,1.3169997116283332e-07,0.9999958433777602,7.196871775079975e-10
Which of the following is an example of an economic rent?,A superstar basketball player's $50 million earnings.,A social security retirement income.,A welfare payment from social services.,A check to a college student from a parent or guardian.,A,False,1.9950238734060158e-50,2.004224194773545e-49,1.0,4.912686300918349e-39
"With the presence of a negative externality, which of the following would internalize (or correct) the externality?",A government subsidy.,A government tax.,A lower price.,A higher level of output.,B,True,5.497435384075578e-58,0.9999998299661332,1.635020438372816e-11,1.7001751652681256e-07
Which of the following is a characteristic of monopoly?,A single firm in the industry.,Price equal to marginal revenue.,Perfectly elastic demand curve.,Weak barriers to entry.,A,False,1.074496150288415e-36,0.5238190467453037,3.5597857702617956e-30,0.47618095325469634
"A monopoly with a straight, downward-sloping demand curve has a marginal revenue curve that is",upward sloping,halfway between the demand curve and the vertical axis,initially downward sloping and then upward sloping,parallel to the demand curve,B,True,1.6343438982060674e-90,1.0,7.143594048215284e-32,6.446519616390392e-23
A consequence of a price floor is,a persistent shortage of the good.,an increase in total welfare.,a persistent surplus of the good.,elimination of deadweight loss.,C,False,5.716379839890404e-75,1.0,2.4426001060892205e-59,6.2524171707145105e-18
Which of the following is not among the methods unions use to increase wages?,Negotiations to obtain a wage floor,Restrictive membership policies,Efforts to decrease the prices of substitute resources,Featherbedding or make-work rules,C,False,1.302146705882459e-29,0.9898158938320067,0.010184106167993274,8.99403853714615e-38
Which of the following is a characteristic of perfect competition?,Firms produce a homogeneous product.,Barriers to entry exist.,Firms are price-setting profit maximizers.,The government regulates the price so that deadweight loss is eliminated.,A,False,6.996009788548264e-51,4.4038205936537425e-13,1.1976041502884035e-48,0.9999999999995597
Which of the following is correct?,"In the long run, all inputs are variable.","In the short run, all inputs are variable.","In the long run, supply is not able to adjust fully to changes in demand.","In the short run, supply is able to adjust fully to changes in demand.",A,False,4.215488363189184e-77,1.0,6.111283317098302e-45,2.6912396553680396e-37
Monopolistic competition is said to be productively inefficient because,the long-run price is above minimum average total cost.,long-run profits are positive.,firms engage in collusive behavior.,there exist no barriers to entry.,A,False,7.099724908042874e-68,1.294618453140793e-56,1.0,1.994584553642705e-33
"Compared to perfect competition in the long run, monopoly has",more choices of products for consumers.,more efficiency.,lower prices.,price greater than marginal revenue.,D,True,1.8832368746748494e-37,1.5139158146133602e-30,6.613224755263434e-32,1.0
"If the price of firm A's cell phone service rises by 5 percent and the quantity demanded for firm B's cell phone service increases by 10 percent, we can say that",demand for firm B is price elastic.,supply for firm B is price elastic.,firms A and B are substitutes because the cross-price elasticity is greater than zero.,firms A and B are complements because the cross-price elasticity is less than zero.,C,False,2.494776899850058e-76,6.477390052943503e-43,9.401498941078014e-12,0.9999999999905984
The relationship between the marginal revenue curve and the demand curve for a monopoly is most similar to the relationship between the marginal factor cost curve and what curve for a monopsony?,Labor demand,Labor supply,Marginal external cost,Total cost,B,False,1.2780293746885717e-28,4.012731457622492e-37,0.9998940635259084,0.00010593647409163441
"Suppose the market for roses is currently in equilibrium. If the supply of roses falls, while at the same time the demand for roses rises, what can you say about the price and quantity of roses in the market?",Price and quantity both rise.,"Price rises, but the change in quantity is ambiguous.",Price and quantity both fall.,"Quantity rises, but the change in price is ambiguous.",B,True,1.5113964793483652e-72,1.0,1.8852585629366007e-65,2.743015506802229e-34
"The competitive market for gasoline, a normal good, is currently in a state of equilibrium. Which of the following would most likely increase the price of gasoline?",Household income falls.,Technology used to produce gasoline improves.,The price of subway tickets and other public transportation falls.,"The price of crude oil, a raw material for gasoline, rises.",D,False,1.8297798187142845e-88,1.0,5.662434377246863e-57,1.4256248073582243e-53
Which of the following will increase wages for tuba makers?,An increase in the number of graduates at tuba maker training school,An increase in the price of tubas,An increase in the price of tuba lessons,An increase in the tax on tubas,B,True,2.2485151735685325e-05,0.9999775148482642,1.864122708320936e-21,1.622724803936015e-37
Diminishing marginal returns to short-run production begin when,the average product of labor begins to fall.,the total product of labor begins to fall.,marginal product of labor becomes negative.,marginal product of labor begins to fall.,D,False,6.5667024197344354e-18,2.6190133711017864e-14,0.9999999999999467,2.701830254294819e-14
What you give up to pursue another alternative is known as,capital.,land.,money cost.,opportunity cost.,D,False,1.7883005447164104e-80,1.0,1.180623606481139e-53,1.6656685185280279e-65
Which of the following is NOT a characteristic of perfectly competitive industry?,Free entry into the industry.,Product differentiation.,Perfectly elastic demand curve.,Homogeneous products.,B,True,3.6941541571631184e-11,0.9989555551113897,0.0009731572285443938,7.128762312448544e-05
"Relative to a competitive input market, a monopsony",pays less and hires more,pays less and hires the same amount,pays more and hires more,pays less and hires fewer,D,False,2.683133316038508e-58,1.0,3.7845616385560444e-50,4.314634451208085e-20
"If a monopsony labor market suddenly were transformed into a perfectly competitive labor market, how would the wage and employment change?",Both would increase.,Both would decrease.,"The wage would remain constant, but employment would increase.","The wage would fall, but employment would increase.",A,False,1.4909204975385923e-25,6.774165553775258e-38,6.748454286674522e-21,1.0
"If corn is produced in a perfectly competitive market and the government placed a price ceiling above equilibrium, which of the following would be true?",There would be no change in the amount of corn demanded or supplied.,There would be a shortage created of corn.,There would be a surplus created of corn.,The producers of corn would lose revenue due to the decreased price.,A,False,1.679135277158627e-19,1.0,1.740566432370978e-17,1.1216858170317636e-19
Marginal cost always intersects average variable cost at,the profit-maximizing quantity,the minimum of marginal cost,the maximum of average variable cost,the minimum of average variable cost,D,True,3.65394170937147e-44,1.561732168112119e-46,0.00811217584627659,0.9918878241537235
Production possibilities frontiers are concave to the origin because,of inefficiencies in the economy.,of opportunity cost.,of the law of increasing costs.,of constant opportunity costs.,C,False,1.325828406314821e-23,1.0,1.4383966731234734e-34,8.557651412561086e-30
Scarcity is best defined as,the difference between limited wants and limited economic resources.,the difference between the total benefit of an action and the total cost of that action.,the difference between unlimited wants and limited economic resources.,the opportunity cost of pursuing a given course of action.,C,True,8.632868401258642e-41,1.1516031113645601e-38,1.0,1.0529281049830895e-37
The market for Cincinnati Reds baseball tickets is currently in equilibrium. Which of the following events would most likely increase the consumer surplus received by Reds fans?,The Reds offer discounted parking for all home games.,The Reds increase hot dog prices to reflect a higher cost of buns.,The city of Cincinnati is undertaking a huge highway construction project that strands fans in pregame traffic jams for hours.,The Reds must increase ticket prices to afford the most talented players.,A,False,4.9633594487214774e-27,1.547882880349837e-48,5.2118693846183786e-42,1.0
"Firms with the following market structure(s) maximize profits by producing where marginal cost equals marginal revenue, if at all. I. Perfect competition II. Oligopoly III. Monopoly IV. Monopolistic competition",I only,I and II only,I and III only,"I, II, III, and IV",D,True,1.1504373557268807e-38,5.296264954499337e-26,2.0390151771762255e-23,1.0
Consumer surplus is,the price of a good divided by its marginal utility.,the marginal utility of the good divided by its price.,the total utility of the good.,the difference between the consumer's value and the market price.,D,True,4.855065210743131e-06,4.798930929602464e-29,1.1560814877984341e-11,0.9999951449232284
Which of the following statements is positive?,An economy that produces more butter than guns is better off than an economy that produces more guns than butter.,Nations should concentrate their resources on producing wholesome consumer goods as opposed to the weapons of war.,The production possibilities frontier is concave to the origin because of the law of increasing costs.,Nations ought to devote at least some of their resources to national defense.,C,False,3.098081366728491e-62,1.0,1.7799542622679435e-45,9.175556640337378e-49
Relatively free or easy entry (low or nonexistent barriers to entry) is best matched by which of the following?,"More consumer choices, greater price elasticity of demand, more competitors.","More consumer choices, lower price elasticity of demand, more competitors.","More consumer choices, greater price elasticity of demand, fewer competitors.","Fewer consumer choices, lower price elasticity of demand, fewer competitors.",A,False,7.692784800863812e-11,0.00037814519028231793,0.9995666482674297,5.5206465360082954e-05
Firms maximize their profits by producing a level of output at which,MC = AFC.,MC = MR.,P = ATC.,MR= AVC.,B,True,2.5973507758810918e-18,0.9999999997976783,2.020174326326148e-10,3.0416731590499137e-13
A typical characteristic of capitalist market economies is,government ownership of land and capital.,extensive price controls.,centralized government decision making to determine production limits.,private ownership of economic resources.,D,True,9.476828649874176e-64,2.7187671333918085e-54,1.8246023901797338e-34,1.0
"When a monopolist has maximized profit,","price is set equal to marginal cost, creating zero economic profit.",output is set where price is equal to average total cost.,"price is set above marginal cost, creating allocative inefficiency.",any short-run profit will be eliminated through the long-run entry of new firms.,C,False,9.623112613854059e-90,1.0,6.52348877843919e-61,1.8315750412720182e-80
Which of the following situations best exemplifies the concept of consumer surplus?,It refers to a consumer who no longer has any outstanding debts.,The federal government has taken in more revenue than it has paid out in expenditures.,A consumer pays more for a pizza than she thought it was worth at the margin of the purchase.,A consumer pays less for a pizza than she thought it was worth at the margin of the purchase.,D,True,4.854221438045286e-46,4.6381455797992464e-30,4.774132692613589e-47,1.0
"If the perfectly competitive price is currently below minimum average total cost, we can expect which of the following events in the long run?",The price will rise and each firm's output will fall as firms exit the industry.,Market equilibrium quantity will increase as firms exit the industry.,Nothing. The industry is currently in long-run equilibrium.,The price will rise to the breakeven point as firms exit the industry.,D,False,4.705809688258618e-67,9.593211288344357e-49,1.0,2.8554789641564988e-61
"If total product of labor is rising at an increasing rate,",marginal product of labor is rising.,marginal product of labor is at its minimum.,marginal product of labor is at its maximum.,marginal cost is rising.,A,False,1.4907855105010996e-68,1.0,1.0454144745017607e-34,9.993853803931653e-36
"When the opportunity for price discrimination arises,",market segments with relatively elastic demand pay higher prices,market segments with relatively inelastic demand pay lower prices,consumer surplus decreases,demand is horizontal,C,True,9.54156985783891e-47,0.00020407272694718305,0.9997958843970061,4.2876046696764096e-08
Price times quantity measures,the international trade gap.,the budget deficit.,total revenue.,price elasticity of demand.,C,False,2.670646014729481e-42,1.0,2.9058077891159086e-30,1.0658087717772373e-34
A tax imposed on a supplier will more likely be passed on to the consumer in the form of price increase if,price elasticity of demand is highly elastic.,price elasticity of demand is highly inelastic.,price elasticity of demand is unit elastic.,wage elasticity of demand is highly elastic.,B,False,1.7997701057342276e-43,3.5361520191181214e-44,1.0,1.2471035010403307e-33
The law of increasing costs,does not apply to guns and butter.,is the result of resources not being perfectly adaptable between the production of two goods.,implies that prices will rise when the costs of making a good rise.,causes the production possibilities frontier to be a straight line.,B,False,3.779371310556717e-69,4.1698082709504416e-54,0.9999991254624255,8.745375744004907e-07
Which of the following is true about a price ceiling?,It is used to correct government policy.,It is used when equilibrium prices are too low.,It will be located above the equilibrium price.,It will be located below the equilibrium price.,D,False,3.142069988846332e-42,0.7640921604509607,2.221876375763732e-19,0.2359078395490392
"Consider a profit-maximizing firm in a perfectly competitive market with several sellers and several buyers (i.e., the firm is a ""price taker"" of the goods it sells and a ""price taker"" of the hourly wages it pays its workers). If a technological innovation made by someone in this firm were to significantly raise the firm's marginal physical product (but not that of any other firm's), then this innovation would","reduce the firm’s employment level, because fewer workers are now needed",raise the workers’ hourly wage as they now contribute more marginal revenue,lead the firm to hire more workers but not to raise their wages,lead the firm to hire more workers and to pay them higher wages,C,False,2.902761057555614e-60,1.0,5.20245032667939e-49,1.099960300041635e-56
Suppose the price of beef rises by 10 percent and the quantity of beef demanded falls by 20 percent. We can conclude that,demand for beef is price elastic and consumer spending on beef is falling.,demand for beef is price elastic and consumer spending on beef is rising.,demand for beef is price inelastic and consumer spending on beef is falling.,demand for beef is price inelastic and consumer spending on beef is rising.,A,False,3.782409781396847e-17,0.997574905782871,0.0024250942171264375,2.735335804186904e-15
The elasticity of supply is typically greater when,producers have fewer alternative goods to produce.,producers have less time to respond to price changes.,producers are operating near the limits of their production.,producers have more time to respond to price changes.,D,False,1.371223731065831e-39,3.5424445526213554e-36,1.0,9.085144581746558e-48
Which of the following is true?,A marginal social cost = marginal private cost + marginal social benefits.,Value of externality = marginal social costs.,Value of externality = marginal private costs.,Marginal social cost = marginal private cost + negative externality.,D,False,4.523878872216191e-17,0.9999999999939846,6.014710044731604e-12,5.5863754637689655e-16
Which of the following is most likely to decrease the demand for kindergarten teachers?,An increase in funding for education,Increased immigration of foreign citizens and their families,A decrease in the average number of children per household,Subsidies given to college students who major in elementary education,C,False,2.0465630898177873e-56,1.250048582839301e-38,6.27712389174056e-23,1.0
Monopoly deadweight loss is the result of,setting the price above marginal cost.,setting the price above average total cost.,monopoly output being greater than the competitive output.,long-run normal profits.,A,False,8.215458368111276e-61,3.7374540329323607e-16,3.177321851300827e-48,0.9999999999999996
"Education makes Chris a better worker, voter, parent, and citizen. Because the benefits from education go beyond those that Chris enjoys himself, education provides",increasing marginal utility and should be subsidized,externalities and should be taxed,decreasing marginal utility and should be taxed,externalities and should be subsidized,D,False,1.6646204441979978e-35,0.9999999999854192,1.4580874726205102e-11,2.2818560877039085e-34
"If, for each additional unit of a variable input, the increases in output become smaller, which of the following correctly identifies the concept?",Diminishing marginal productivity.,Diminishing marginal utility.,Increasing marginal utility.,Increasing marginal productivity.,A,False,5.668658747806887e-42,1.661028102520306e-15,0.9999999999999984,3.9906509363100817e-35
"If there is a positive externality associated with the production of a private good, which of the following is an action of government that would most likely move the market to an efficient outcome?",Close the firm producing the good.,Subsidize the firm or its customers.,Tax the firm.,Appoint a commission.,B,False,2.894494921451752e-64,1.287635694042112e-07,0.9999998712364305,1.021083659544621e-56
A positive sign on cross price elasticity of demand indicates that the two products are,luxuries.,necessities.,substitutes.,complements.,C,False,1.4623410924073326e-18,0.9999999999262716,7.37283209456855e-11,3.4951126076256067e-17
The price elasticity of demand for a product is greater if,the proportion of the good of the consumer's budget is high.,the period of time to respond to a price change is short.,the number of substitute products is limited.,the product is a necessity.,A,False,2.9373819815568703e-82,2.1533816713975513e-69,1.0,1.311745390419062e-41
A price discriminating monopoly differs from a non-discriminating monopoly because a discriminating monopoly,has a demand curve that is more elastic than a non-discriminating monopoly,earns less revenue than a non-discriminating monopoly,earns more revenue than a non-discriminating monopoly,will produce less than a non-discriminating monopoly,C,True,8.770648928583873e-28,2.2159978319669864e-25,1.0,2.05242241979346e-23
"Every time Mr. Hamm makes another pizza in his shop, he places $0.45 worth of sauce on top. For Mr. Hamm, the cost of pizza sauce is a component of which of the following? I. Total Fixed Costs II. Total Variable Costs III. Marginal Cost IV. Total Costs",I and IV only,II and III only,II and IV only,"II, III, and IV only",D,False,3.1096546849228055e-38,1.4382620627766116e-38,1.0,1.2964321010955325e-43
The law of increasing costs is useful in describing,a demand curve.,a marginal benefit curve.,a linear production possibility frontier.,a concave production possibility frontier.,D,True,9.508151311397725e-24,2.0717927432215534e-13,0.3451647617785456,0.6548352382212471
"Suppose that aluminum is a key production input in the production of bicycles. If the price of aluminum falls, and all other variables are held constant, we expect",the demand for aluminum to rise.,the supply of bicycles to rise.,the supply of bicycles to fall.,the demand for bicycles to rise.,B,False,1.4524393936772267e-21,0.029557759814107187,0.97044224017876,7.1329135325235e-12
The sales tax that you pay at the grocery store is commonly labeled a,progressive tax.,regressive tax.,proportional tax.,excise tax.,B,False,1.3489130478674397e-56,2.5163638407354546e-12,0.9999999999974836,3.361881374246641e-69
Which of the following is the best example of the free-rider effect?,You and a friend take a road trip to Florida in your friend's car. You pay for the gas.,"In exchange for tutoring your friend in economics, she helps you with your geometry assignment.","You have ordered a big college football game on pay-per-view, and several of your buddies show up unannounced to watch it at your place.","You buy your date dinner, but your date insists on leaving a tip for the server.",C,False,5.426255657328012e-46,1.0,1.2771004154052088e-74,5.068017479036204e-86
Which of the following is the best example of a negative externality and the appropriate plan for eliminating it?,Air pollution from a factory blows downwind and harms children in a small community. Tax the citizens of the community.,Your neighbor plants a fragrant blooming cherry tree in her front yard. Give a tree subsidy to your neighbor.,The waste from a hog farm pollutes a neighbor's drinking water. Give a subsidy to the hog farmer.,Air pollution from a power plant is blowing downwind and harming the trees in your community. Tax the production of electricity.,D,False,2.963223148180971e-75,0.011649776440285088,0.9883502235597148,7.083944414322115e-64
"If the government regulates a monopoly to produce at the allocative efficient quantity, which of the following would be true?",The monopoly would break even.,The monopoly would incur an economic loss.,The monopoly would make an economic profit.,The deadweight loss in this market would decrease.,D,False,3.742435471337311e-59,0.985781297444907,0.01421870255509301,1.4295361469466594e-58
Which of the following indicates that two goods are complements?,A positive income elasticity,A horizontal demand curve,A negative cross-price elasticity,A demand elasticity greater than one,C,True,3.9743827263835616e-75,1.5434538017404096e-83,1.0,5.298084213355867e-82
"If the government subsidizes the production of halogen headlights,",the demand curve will shift to the left.,the demand curve will shift to the right.,the supply curve will shift to the left.,the supply curve will shift to the right.,D,False,1.5537352440979994e-46,1.0,6.031437849032384e-21,1.122696338345079e-27
Suppose the county government sends each parent a coupon that can be used to subsidize the cost of sending each child to daycare. What would you expect to occur in the market for daycare services?,"The demand for daycare falls, lowering the market price.","The demand for daycare rises, increasing the market price.","The supply of daycare rises, lowering the market price.","The supply of daycare falls, increasing the market price.",B,False,9.925005392679122e-33,1.6020840075021155e-23,8.040756861717826e-05,0.999919592431383
Which of the following is a characteristic of monopolistic competition?,Economically efficient in the long run.,Pricing at minimum ATC in long run.,Excess capacity.,Very few competitors.,C,False,1.0076731292125301e-20,0.9767398388643835,2.5113598606710965e-14,0.023260161135591404
Which of the following is a fundamental aspect of the free market system?,A high degree of government involvement.,Public ownership of resources.,Private property.,Central planners set wages and prices.,C,False,2.463225552322605e-102,1.0,1.8986541792871637e-87,1.6408811135441142e-80
A price ceiling is characterized by,a price set below the current (or equilibrium) market price of the good.,a price set above the current (or equilibrium) market price of the good.,a shift of the demand curve (function).,a shift of the supply curve.,A,False,1.0024344330557452e-72,1.0,1.5603662819686012e-73,2.824721184521392e-76
"Elsa values her time at $50 per hour, and tutors David for two hours. David is willing to pay $175 for two hours of tutoring, but they negotiate a price of $125 for the entire two hours. Which of the following statements is true about the transaction above:",Consumer surplus is greater than producer surplus by between $50 and $75.,Producer surplus is greater than consumer surplus by between $50 and $75.,Consumer surplus is greater than producer surplus by more than $75.,The difference between consumer and producer surplus is $25.,D,False,1.410863816698082e-86,1.8634683105242652e-73,1.0,4.339467126052438e-43
"If a consumer is not required to pay a monetary price for each cookie she consumes, the consumer will stop eating cookies when",the total utility from eating cookies is equal to zero.,the substitution effect outweighs the income effect from eating cookies.,the ratio of marginal utility divided by total utility is equal to one.,the marginal utility from eating the last cookie is zero.,D,False,4.771805764092606e-68,6.6817129072048e-63,1.0,1.3718606377287842e-56
"For a competitive firm, what is the most important thing to consider in deciding whether to shut down in the short run?",Compare AVC to MR.,Compare TR to TC.,Do not produce if the TFC is not covered by revenue.,Produce the highest quantity demanded regardless of price.,A,False,2.4409588608118283e-68,1.0,2.4605277745535093e-29,9.16175232833798e-56
Which is true of monopolistic competition?,Firms earn long-run economic profits.,P = MR = MC = ATC.,Firms spend money to differentiate and advertise their products.,In the long run the market is allocatively efficient.,C,False,1.2889312835689871e-70,1.0,1.1190275634974967e-62,4.6545860438828116e-38
The supply curve for lawn-mowing services is likely to slope upward because of,decreasing marginal costs,increasing opportunity cost of time,diminishing marginal utility,increasing returns to scale,B,False,6.736699608554095e-37,2.797164901827176e-21,1.0,5.592057018408973e-19
"Labor, human capital, entrepreneurship, natural resources, and physical capital are all examples of which of the following?",Public goods,Inferior goods,Factors of production,Outputs,C,False,6.450927862193479e-74,1.0,1.906035867058864e-63,3.516954105543975e-67
"According to the principle of diminishing marginal utility,",marginal utility stays the same.,total utility stays the same.,marginal utility decreases with each additional unit of a good that is consumed.,marginal utility and total utility both decrease.,C,False,4.0970625790892998e-25,5.2652698319149535e-25,0.006910274990463,0.9930897250095371
The downward-sloping demand curve is partially explained by which of the following?,Substitution effects and income effects,The law of increasing marginal costs,The principle of comparative advantage,The law of diminishing marginal returns to production,A,False,2.943778457256648e-40,1.0073628811553905e-52,3.470851728800224e-30,1.0
"If a market is organized by a cartel, we can expect",normal profits for all cartel firms.,an incentive for cartel firms to cheat on the cartel agreement.,profit maximization by individual firms in the cartel.,allocative efficiency.,B,False,2.9400081661749165e-80,2.6961726663414153e-29,1.4822192162894203e-58,1.0
"At the birthday party of your best friend, you see Skylar help himself to a second piece of cake. For this individual, it must be the case that",the marginal benefit of the second piece of cake is less than the marginal cost.,the total benefit received from eating cake is falling.,the ratio of marginal benefit over marginal cost is less than one.,the marginal benefit of the second piece of cake is greater than the marginal cost.,D,True,5.7383605505155805e-67,2.7044514685166476e-35,9.340631373989676e-36,1.0
"In the short run, a firm employs labor and capital to produce gadgets. If the annual price of capital increases, what will happen to the short-run cost curves?",The marginal cost and average variable cost curves will shift upward.,The average fixed cost and average total cost curves will shift upward.,The marginal cost and average fixed cost curves will shift upward.,"The marginal cost, average fixed cost, average variable cost, and average total cost curves will all shift upward.",B,False,2.691135266155451e-72,1.5649943182103821e-74,4.802450840442583e-22,1.0
Which of the following is true about a price floor?,It is used to correct government policy.,It is used when the equilibrium price is too high.,It will be located above the equilibrium price.,It will be located below the equilibrium price.,C,True,7.771404295099169e-87,8.588896040008158e-76,1.0,1.5940457330717099e-43
Which of the following is true?,Average total cost = total fixed costs divided by the number of units produced.,Average total cost = average variable costs divided by the total number of units produced.,Average total cost = average variable cost plus marginal cost.,Average total cost = average variable cost plus average fixed cost.,D,True,4.704077751891371e-22,2.1228217086113502e-12,1.305016110039198e-13,0.9999999999977467
An industry described as an oligopoly would most likely have,normal profits in the long run.,no opportunities for collusive behavior.,significant barriers to entry.,price-taking behavior.,C,True,6.471092377722558e-13,2.2713677738538725e-13,0.9999766494550939,2.3350544032055416e-05
Which of the following is correct about the demand for labor?,The demand for labor is independent of the demand for other inputs or resources.,The demand for labor is independent of the demand for the products produced by labor.,The demand for labor is independent of the availability of other inputs or resources.,The demand for labor is derived from the demand for the products produced by labor.,D,False,2.288042361985613e-29,1.3742391113797788e-44,1.0,1.2213004090085151e-20
"Which of the following is not correct for the perfectly competitive firm, in the long run?",price = minimum average cost.,price = marginal revenue.,price = minimum average variable cost.,price = marginal cost.,C,True,1.8583569369499627e-47,9.281031178249846e-40,1.0,8.356663154563988e-32
The demand curve for a perfectly competitive firm's product is,downward sloping and equal to the market demand curve.,perfectly elastic.,perfectly inelastic.,kinked at the going market price.,B,False,6.217889005179026e-53,7.203207865655834e-28,1.0,1.0634278252560627e-51
Normal goods always have a/an,elastic demand curve,inelastic demand curve,elastic supply curve,positive income elasticity,D,True,3.0729130062797845e-70,1.394178820575625e-40,1.4864447785816038e-71,1.0
"Which of the following represents a measure of a firm's monopoly pricing or market power, i.e., the larger the value of the index, the greater the firm's market pricing power?",(MC-P)/MC,(MC-P)/P,(P-MC)/P,(P-MC)/MC,C,True,1.45248517660479e-37,5.690811959793268e-46,1.0,1.8928461748859074e-28
The market demand curve for labor would shift to the left as the result of,an increase in the price of the good which the labor is producing,an increase in demand for the good which the labor is producing,an increase in the wage rate paid to workers,a decrease in the marginal product of labor,D,True,1.6826595835320478e-33,1.5891152620040553e-23,1.2688884057565902e-24,1.0
"Opportunity costs or implicit costs of a ""Mom & Pop""-owned business are:",equal to accounting costs.,equal to accounting profits.,equal to earnings or profits that could have occurred using resources elsewhere.,equal to earnings or profits that occurred for Mom & Pop's business.,C,False,9.142148732679605e-43,1.0,2.0623543253740097e-49,2.1406872256365997e-25
The owner of a competitive firm making zero economic profit,should consider shutting down because she could make more elsewhere,is making less than normal profits,is making exactly what she would make in her next best alternative job,will most likely make more profits in the long run,C,False,1.7031736446092266e-51,0.9673134206561013,7.856911893786825e-17,0.0326865793438988
"If the market price is above the perfectly competitive firm's average total cost curve, we expect that in the long run,",the industry contracts as firms exit the market.,the industry expands as firms exit the market.,the industry contracts as firms enter the market.,the industry expands as firms enter the market.,D,False,2.912554045454093e-15,8.70000269594427e-05,0.9274434203456474,0.07246957962739023
"Land, labor, capital and entrepreneurial talent are often referred to as",production possibilities.,goods and services.,unlimited human wants.,scarce economic resources.,D,False,1.8303145783404318e-61,1.0,4.97344617331936e-63,8.471635373402152e-73
Which of the following goods is likely to have the most elastic demand curve?,Demand for white Ford minivans,Demand for automobiles,Demand for Ford automobiles,Demand for American-made automobiles,A,False,2.2554748336085715e-65,1.3139217289435737e-33,1.0,1.4166188579236877e-70
Deadweight loss occurs in,monopolistic competition as P > MC.,monopoly markets because P > MC.,oligopoly markets because P > MC.,All of the above.,D,True,1.2855071421059746e-35,9.549142971820472e-36,1.4054411367354588e-11,0.9999999999859457
"The individual firm, operating under perfect competition, is characterized as:",a price-maker.,one of a few sellers.,a price strategist.,a price-taker.,D,False,1.745603168713286e-94,7.748746676789172e-90,1.0,2.9742074042943205e-72
Which of the following are associated with public goods? I. Free riders II. Adding demand curves vertically to find the demand curve for society III. Nonrivalry in consumption IV. Nonexcludability,I and II only,I and IV only,II and III only,"I, II, III, and IV",D,False,1.4367406783468177e-30,0.9999999692120548,3.078794533168715e-08,2.910737201155825e-50
Which of the following is true about the pure public good?,The marginal cost of providing an additional unit of the good to additional citizens is greater than zero.,Consumers can be excluded from its benefits by not paying for it.,One more unit of a public good for some consumers means one less unit for other consumers.,The good cannot be divided into discrete units.,D,False,3.3029501732120056e-106,1.0,9.549053351289188e-76,2.152177225180173e-44
"Nancy has the choice to spend one hour studying for an exam, mowing the lawn for one hour at a wage of $6, or babysitting her niece for one hour at a wage of $8. If we know that Nancy has chosen to study for the exam, which of the following is true?",The benefit received from studying is greater than the opportunity cost of $8.,"The opportunity cost of studying is $14, which is less than the benefit received from studying.",Nancy is indifferent to both studying and mowing the lawn.,"Nancy's behavior is irrational, since babysitting was clearly superior to all other options.",A,True,0.9999999618012069,1.6324461251259852e-38,9.669201981494644e-11,3.810210120461581e-08
Which of the following statements accurately describes the relationship between average product (AP) and marginal product (MP) of labor?,AP rises when MP is above it and falls when MP is below it.,MP intersects AP at the maximum of MP.,AP and MP are always parallel to each other.,AP and MP are either both rising or both falling at all levels of labor.,A,False,1.9639044693368417e-54,2.973134815009635e-71,5.487831568816376e-76,1.0
"Because people with relatively low incomes spend a larger percentage of their income on food than people with relatively high incomes, a sales tax on food would fall into which category of taxes?",Progressive,Proportional,Regressive,Neutral,C,False,2.5768515555023208e-20,0.9999999999999991,9.151900535232173e-16,1.585690447565383e-17
Which of the following is NOT a source of wage differentials?,Differences in human capital stock.,Racial or gender discrimination.,Immobility of workers.,Decrease in the birth rate.,D,False,4.18623107983595e-90,2.7824729519455087e-79,1.0,8.28704698555532e-73
Which of the following certainly lowers the equilibrium price of a good exchanged in a competitive market?,The demand curve shifts to the right.,The supply curve shifts to the left.,"The demand curve shifts to the left, and the supply curve shifts to the right.","The demand curve shifts to the right, and the supply curve shifts to the left.",C,False,7.397990635552451e-26,0.9999999999296179,1.3245370643840069e-17,7.038211938006523e-11
Which of the following is true for a firm operating under perfect competition in the long run?,The firm will engage in non-price competition.,The firm will realize economic profits.,The firm will incur economic losses.,The firm will realize zero economic profits.,D,False,1.3172178761606905e-42,1.0,3.1647245678536195e-25,1.4729258017079487e-49
A negative externality in the market for a good exists when,the market overallocates resources to the production of this good.,spillover benefits are received by society.,the marginal social benefit equals the marginal social cost.,total welfare is maximized.,A,False,3.0962030079736165e-105,5.150478902220802e-56,1.0,4.7125449883863065e-105
Which characteristic is likely a part of a monopoly market but not of monopolistic competition?,Differentiated products,Patents and copyrights,Possibility of profit in the short run,Deadweight loss exists,B,True,1.6460968975289312e-72,1.0,4.1963496770500425e-76,3.712669067327807e-25
"Every day Melanie spends her lunch money consuming apples, at $1 each, and oranges, at $2 each. At her current level of consumption, Melanie's marginal utility of apples is 12 and her marginal utility of oranges is 18. If she has already spent all of her lunch money, how should Melanie change her consumption decision to maximize utility?",She should make no changes; she is consuming the utility maximizing combination of apples and oranges.,She should increase her apple consumption and decrease her orange consumption until the marginal utility per dollar is equal for both.,She should decrease her apple consumption and increase her orange consumption until the marginal utility per dollar is equal for both.,She should increase her apple consumption and decrease her orange consumption until the marginal utility is equal for both.,B,False,5.030946788486949e-15,1.781128845239829e-08,0.9999999821887059,6.404505511673093e-16
Which of the following describes the theory behind the demand curve?,Decreasing marginal utility as consumption rises.,Increasing marginal cost as consumption rises.,Decreasing marginal cost as consumption rises.,Increasing total utility at an increasing rate as consumption rises.,A,False,1.005565033522249e-84,9.581428072450262e-60,1.0,7.265393817638079e-25
Economics is best described as,the study of how scarce material wants are allocated between unlimited resources.,the study of how scarce labor can be replaced by unlimited capital.,the study of how decision makers choose the best way to satisfy their unlimited material wants with a scarce supply of resources.,the study of how unlimited material wants can best be satisfied by allocating limitless amounts of productive resources.,C,True,2.689210978293545e-19,7.747556197865143e-09,0.9999996889078668,3.033445769950862e-07
An effective price ceiling in the market for good X likely results in,a persistent surplus of good X.,a persistent shortage of good X.,"an increase in the demand for good Y, a substitute for good X.","a decrease in the demand for good Z, a complement with good X.",B,True,3.7870191390372936e-30,0.9999999999999947,2.4150686708907973e-29,5.39831383412162e-15
"When the production or consumption of a good creates a positive externality, it is deemed a market failure because at the market quantity",the marginal social benefit exceeds the marginal social cost.,the marginal social cost exceeds the marginal social benefit.,society produces too much of the good.,the private benefits from consuming the good exceed the social benefits.,A,False,6.718859352247507e-83,4.292182046596361e-44,1.0,1.6813667829866708e-61
A competitive firm's demand for labor is determined directly by,profits,the opportunity cost of workers’ time,the wage and the average (physical) product of labor,the marginal (physical) product of labor and the output price,D,False,8.590835856493246e-97,1.0,1.1925686976431638e-97,1.774822516237335e-69
"When a perfectly competitive labor market is in equilibrium,",everyone who wants to work has the opportunity to do so,individual firms face downward sloping labor demand curves,unemployment can reach as high as 10-15 percent,individual firms face upward sloping labor demand curves,A,False,1.5243257800207377e-11,1.311569676493979e-07,0.94251383199261,0.05748603683517901
The market demand curve for labor will shift to the right when,the number of firms increases,the price of output decreases,the labor supply curve shifts to the right,the labor supply curve shifts to the left,A,False,1.390139968511936e-57,1.8964999594038065e-54,1.0,1.7455432538465395e-49
Which of the following was not a landmark antitrust act?,The Wagner Act,The Sherman Act,The Clayton Act,The Robinson-Patman Act,A,False,7.595360889714597e-65,8.307434785013043e-42,2.869213196887612e-66,1.0
Which of the following might explain how a price decrease might cause a decrease in quantity demanded and an upward-sloping demand curve?,The good is inferior and the income effect is stronger than the substitution effect.,The good is normal and the income effect is stronger than the substitution effect.,The good is normal and the income effect is weaker than the substitution effect.,The good is inferior and a luxury.,A,False,1.0885308485404897e-48,0.7009699778305997,0.29903002216940033,2.0786538038214093e-35
"If the government wants to establish a socially optimal price for a natural monopoly, it should select the price at which",average revenue equals zero,marginal revenue equals zero,the marginal cost curve intersects the demand curve,the average total cost curve intersects the demand curve,C,False,0.9999999907046143,3.8278730036077294e-50,1.825714966085047e-43,9.295385706778564e-09
Which of the following is an implicit cost for the owner of a small store in your hometown?,The wage that is paid to the assistant manager,The cost of purchasing canned goods from a wholesale food distributor,The value placed on the owner's skills in an alternative career,The cost of cooling the refrigerated meat display,C,False,5.443261334305488e-89,1.0,1.463563606726634e-63,7.396435348292362e-25
"The greater (higher) the wage elasticity of demand, the",greater the proportion of capital costs to labor costs in the production of goods.,greater the price elasticity for the product produced by labor.,the smaller the number of substitutes for labor.,the smaller the time period.,B,False,0.9699195477306486,0.030032824916907137,4.8372748426987995e-11,4.762730407154963e-05
"Unlike a perfectly competitive firm, a monopoly",will charge the highest price it can on the demand curve,has a horizontal marginal revenue curve,has an upward sloping total revenue curve,faces a downward sloping demand curve,D,False,2.3726453566131016e-91,1.0,3.66822924211964e-83,6.712442933642807e-19
The law of diminishing marginal utility is most useful for explaining the,law of supply,law of demand,curvature of the total cost curve,shape of the production possibilities frontier,B,False,8.42949829325226e-44,1.8616562846739597e-32,1.0,3.3120551496337056e-30
Which of the following statements is most consistent with a capitalist market economy?,Economic resources are allocated according to the decisions of the central bank.,"Private property is fundamental to innovation, growth, and trade.",A central government plans the production and distribution of goods.,Most wages and prices are legally controlled.,A,False,1.6510850199885736e-67,6.171457873466134e-22,0.9999999990134141,9.865859866891553e-10
Which of the following is an example of a long-run adjustment for the owners of a small café?,The owners switch from whole wheat to sourdough bread.,The owners hire several part-time workers to cover the dinner shifts.,The owners work overtime on a busy weekend.,"The owners buy the office next door, and this doubles the customer seating.",D,False,1.0,1.1468946594515138e-53,1.7529208520483973e-34,2.8828668812239303e-21
Which of the following is most likely to be true in the long run for a monopoly firm?,P = MR = MC = ATC,P = MR = MC > ATC,P > MR = MC = ATC,P > ATC > MR = MC,D,False,0.9999999999999991,8.194686095891976e-16,3.5660288933672524e-20,1.9968396195999258e-19
Which of the following is not correct about economies of scale?,Economies of scale are associated with increases in production of output.,Economies of scale are associated with the rising or increasing portion of an average total cost (ATC) curve.,Economies of scale are associated with the declining or decreasing portions of the ATC curve.,Economies of scale result in decreases in per unit average cost.,B,False,2.006453615661605e-09,5.647652424631614e-07,0.9999994332181651,1.0138803706729677e-11
"For the perfectly competitive firm, the profit-maximizing decision to shut down is made when the price",falls below minimum average total cost.,"is greater than minimum average variable cost, but lower than minimum average total cost.",falls below minimum average variable cost.,is equal to minimum average total cost.,C,True,9.893057285939334e-80,1.1305104056677858e-15,0.9999999999999989,2.0694570141927926e-77
Which of the following is true in the long run in perfect competition?,P = MR = MC = ATC,P = MR = MC > ATC,P > MR = MC = ATC,P = MR > MC = ATC,A,False,2.309135707502211e-37,2.549050036603528e-35,6.029373207810911e-36,1.0
"If the perfectly competitive price is currently above minimum ATC, we can expect which of the following events in the long run?",Price rises as firms enter the industry.,Market equilibrium quantity rises as firms exit the industry.,Nothing. The industry is currently in long-run equilibrium.,Price falls as firms enter the industry.,D,True,2.182529975974362e-30,3.969853615417393e-21,0.0026062550104862105,0.9973937449895138
Which of the following will shift the supply curve for textbooks to the left?,A decrease in the demand for a substitute in production,A decrease in the number of buyers,An increase in printing costs,Expectations of future surpluses,C,False,1.2001374703990074e-41,1.0,1.9739631557847105e-43,2.0065115116379473e-34
"If Matt's total utility from consuming bratwurst increased at a constant rate, no matter how many bratwurst Matt consumed, what would Matt's demand curve for bratwurst look like?",Vertical,Horizontal,Downward sloping,Upward sloping,B,True,1.8417083762856866e-40,0.9999999999997473,2.5274306656851177e-13,3.713195942941698e-46
Which of the following causes the supply curve of paper to shift to the left?,Paper producers expect lower paper prices in the months ahead.,"The price of pencils, a complement to paper, increases.",Improvements in the technology used to produce paper.,Environmental concerns reduce the yearly amount of timber that can be harvested.,D,False,7.245432745125857e-65,1.0,1.2601511623219544e-30,4.931895814747547e-50
"When opportunity cost is constant across all production levels, the productions possibilities frontier is",concave to the origin.,convex to the origin.,undefined.,a straight diagonal line sloping downward from left to right.,D,True,4.30692804522769e-81,3.8535976204656284e-14,3.730349250288333e-52,0.9999999999999614
Which of the following is likely to have a demand curve that is the least elastic?,Demand for the perfectly competitive firm's output,Demand for the oligopoly firm's output with a homogenous product,Demand for the oligopoly firm's output with a differentiated product,Demand for the monopoly firm's output,D,True,6.4325454529908816e-52,3.7858284514749446e-52,1.7065398037287489e-56,1.0
A demand curve slopes downward for an individual as the result of,diminishing marginal utility,diminishing marginal returns,the Fisher effect,diminishing returns to scale,A,False,1.785132567721724e-86,4.37418355147354e-61,1.0,1.3703441821752595e-78
"In order to find the market supply curve for a particular good, one would",aggregate the firm marginal revenue curves horizontally,aggregate the firm supply curves vertically,aggregate the firm marginal cost curves vertically,aggregate the firm supply curves horizontally,D,False,1.5138942379220122e-88,1.1086553378697862e-78,1.0,1.460319857225167e-28
The ability for firms to enter and exit a market over time means that,the marginal cost is zero,the marginal revenue is zero,the long run supply curve is more elastic,the long run supply curve is more inelastic,C,False,8.554221035739018e-87,1.0,1.7981033331244127e-74,5.023686194440099e-27
"If one person has the only original signed copy of The Wealth of Nations by Adam Smith, which of the following would illustrate this situation?",A downward sloping demand curve.,An upward sloping supply curve.,An invisible hand.,A perfectly vertical supply curve.,D,False,3.240329635604792e-55,1.0,8.149079404336458e-21,1.3015594792555602e-60
Land refers to,all productive resources.,all natural resources.,farmland only.,real estate.,B,False,4.844091311676432e-17,8.423319157300105e-12,3.335175734574077e-18,0.9999999999915767
The basis for the answer in number 1 is,"P or wage rate of labor > MRP of labor and with one additional unit of labor, wage rate < MRP.","P or wage rate of labor < MRP of labor and with one additional unit of labor WI, > MRP.",total revenue is at a maximum.,total output is at a maximum.,B,False,1.067546256510183e-34,4.5107439320209955e-30,1.0,9.13416425124606e-19
In the same period there is a drought affecting the supply of pineapples and a discovery that may assist in the avoidance of cancer. How will this combination of events affect the equilibrium price and quantity of pineapples?Equilibrium Quantity,Increases         Decreases,Increases         Indeterminate,Indeterminate         Increases,Decreases         Indeterminate,B,True,2.3315503840864113e-55,1.0,2.5006080038312557e-61,1.4913560210798154e-47
"With respect to the kinked demand curve, which of the following is NOT correct?",There is no price leader.,There are relatively equal shares of the market.,Price is greater than marginal costs.,The demand curve is of one continuous function.,D,False,1.9884886257503908e-66,1.8504929498208213e-22,0.9999999999999998,2.0882923756697668e-16
Suppose that there are only two goods: x and y. Which of the following is NOT correct?,One can have comparative advantage in producing both goods.,One can have both an absolute advantage and a comparative advantage in producing x.,One can have absolute advantage and no comparative advantage in producing x.,One can have comparative advantage and no absolute advantage in producing x.,A,False,3.2598986222788395e-15,3.6701348531630404e-11,0.9089696593020323,0.09103034066126311
The total utility from sardines is maximized when they are purchased until,marginal utility is zero,marginal benefit equals marginal cost,consumer surplus is zero,distributive efficiency is achieved,A,False,2.0966907029776104e-75,1.0,4.541022949596229e-39,4.7268831889401694e-45
"Assume a firm hires labor for $15 each and sells its products for $3 each. If the MP of the 3rd worker is 10, which of the following statements would be the most true?",The firm should hire more labor so that the MRPL will increase.,The firm should hire more labor so that the MRPL will decrease.,The firm should hire less labor so that the MRPL will increase.,The firm should hire less labor so that the MRPL will decrease.,B,False,2.642235948107159e-54,6.154358524946629e-47,5.228691543836523e-42,1.0
The demand curve for labor is derived from,the market labor demand curve,the demand curve for the output produced by labor,the labor supply curve for the firm,the equilibrium wage in the labor market,B,False,3.9753283944446846e-61,2.455446962370532e-58,5.858369582882812e-61,1.0
Monopolistic competition is often characterized by,strong barriers to entry.,a long-run price that exceeds average total cost.,"a price that exceeds average variable cost, causing excess capacity.",many resources devoted to advertising.,D,False,2.3166960396764363e-51,1.0,8.68705677789754e-91,5.326529959391855e-28
"A student decides that, having already spent three hours studying for an exam, she should spend one more hour studying for the same exam. Which of the following is most likely true?",The marginal benefit of the fourth hour is certainly less than the marginal cost of the fourth hour.,The marginal benefit of the fourth hour is at least as great as the marginal cost of the fourth hour.,"Without knowing the student’s opportunity cost of studying, we have no way of knowing whether or not her marginal benefits outweigh her marginal costs.",The marginal cost of the third hour was likely greater than the marginal cost of the fourth hour.,B,False,3.269797232394827e-65,7.1028239178250185e-65,1.7551898943488747e-21,1.0
Macroeconomics focuses on,government and its laws that affect commerce.,individuals and their resource use.,corporations and their production levels.,the resource use of the entire nation.,D,False,2.5756950705203765e-41,1.7591601352598706e-15,0.9999999999999982,5.0952077674235064e-20
Which of the following is true?,Marginal Social Costs = Private Marginal Costs + Negative Externality.,Marginal Social Costs = Private Marginal Costs + Subsidy.,Marginal Social Benefits = Private Marginal Benefits + Tax.,Tax = Positive Externality.,A,False,2.859120920757911e-75,4.879738582368707e-28,1.0,3.050758732214427e-44
Good X is exchanged in a competitive market. Which of the following is true if an excise tax is now imposed on the production of good X?,"If the demand curve is perfectly elastic, the price rises by the amount of the tax.",The consumer's burden of the tax rises as the demand curve is more elastic.,Consumer surplus rises as a result of the tax.,The consumer's burden of the tax rises as the demand curve is less elastic.,D,True,9.320492725547008e-27,3.589650817474431e-23,4.587471639988103e-22,1.0
What could the government do to most effectively avoid a free rider problem?,Enact stricter antitrust legislation,Provide more complete information about the relevant goods,Supply public goods using tax dollars,Tax those creating negative externalities,C,True,2.6184895574733513e-51,9.430045554158563e-40,1.0,1.471098969139355e-29
"In order to hire the least-cost combination of labor and capital, the firm must do which of the following?",Find the combination of labor and capital where the marginal product of labor is equal to the marginal product of capital.,Find the combination of labor and capital where the ratio of the marginal product of labor to the marginal product of capital is equal to one.,Find the combination of labor and capital where the marginal product of labor divided by the price of labor is equal to the marginal product of capital divided by the price of capital.,Find the combination of labor and capital where the price of labor is equal to the price of capital.,C,False,3.6201548903707967e-70,1.0,4.582106698293207e-37,1.0739260091474795e-27
Which of the following is a characteristic of monopolistic competition in the long run?,Strong barriers to entry.,Homogeneous products.,Zero economic profits.,Minimum average total cost equals price.,C,True,9.813123664180796e-70,7.755721932971315e-16,0.9999999999999993,6.410141893385662e-64
"A student eats 3 slices of pizza while studying for his Economics exam. The marginal utility of the first slice of pizza is 10 utils, the second slice is 7 utils, and the third slice is 3 utils. Which of the statements below holds true with the above data?",The student would not eat any more pizza.,The marginal utility of the 4th slice of pizza will be 0.,The student should have stopped eating pizza after 2 slices.,The total utility this student received from eating pizza is 20 utils.,D,True,4.0343010140438193e-41,1.9066230802817472e-36,0.0005726688337925262,0.9994273311662075
"The United States is trading salmon to Peru in exchange for anchovies. If these nations are trading based upon relative opportunity costs, what must be the case?","The United States has comparative advantage in anchovy production, and Peru has comparative advantage in salmon production.","The United States has comparative advantage in salmon production, and Peru has comparative advantage in anchovy production.","The United States has absolute advantage in anchovy production, and Peru has absolute advantage in salmon production.","The United States has absolute advantage in salmon production, and Peru has absolute advantage in anchovy production.",B,False,6.804028000655458e-60,4.838665871446412e-64,1.0,1.096811089050061e-68
Which of the following is true about the relationship of the average total cost (ATC) curve and the marginal cost (MC) curve?,ATC and MC are always equal.,ATC and MC are never equal.,The ATC curve intersects the MC curve at the minimum point of the MC curve.,The MC curve intersects the ATC curve at the minimum point of the ATC curve.,D,False,2.2784588865591778e-57,1.0,9.423420227842448e-24,4.161136778651585e-33
Which of the following statements about a price ceiling is accurate?,An effective price ceiling must be at a price below the equilibrium price.,A price ceiling will increase the quantity of the good supplied.,A price ceiling will cause a shift in the demand curve for the good.,A price ceiling will have no effect on the quantity of the good supplied.,A,False,1.6933003179858774e-46,3.98006563279041e-52,0.9999999999997646,2.353547381012107e-13
"In an oligopoly market, firms",cannot earn economic profits,are interdependent,are not subject to antitrust legislation,are large in number,B,False,2.9335324372359944e-40,3.444519492289008e-31,0.9999999943992977,5.600702246353979e-09
